<ImportExportXml version="9.2.25024.180" SolutionPackageVersion="9.2" languagecode="1046" generatedBy="CrmLive" xmlns:xsi="http://www.w3.org/2001/XMLSchema-instance" OrganizationVersion="9.2.25024.180" OrganizationSchemaType="Full" CRMServerServiceabilityVersion="9.2.25024.00180">
  <SolutionManifest>
    <UniqueName>SolucaodeProjeto2</UniqueName>
    <LocalizedNames>
      <LocalizedName description="Solução de Projeto 2" languagecode="1046" />
    </LocalizedNames>
    <Descriptions />
    <Version>1.0.0.2</Version>
    <Managed>0</Managed>
    <Publisher>
      <UniqueName>Projeto2</UniqueName>
      <LocalizedNames>
        <LocalizedName description="Projeto 2" languagecode="1046" />
      </LocalizedNames>
      <Descriptions />
      <EMailAddress xsi:nil="true"></EMailAddress>
      <SupportingWebsiteUrl xsi:nil="true"></SupportingWebsiteUrl>
      <CustomizationPrefix>projeto2</CustomizationPrefix>
      <CustomizationOptionValuePrefix>63873</CustomizationOptionValuePrefix>
      <Addresses>
        <Address>
          <AddressNumber>1</AddressNumber>
          <AddressTypeCode>1</AddressTypeCode>
          <City xsi:nil="true"></City>
          <County xsi:nil="true"></County>
          <Country xsi:nil="true"></Country>
          <Fax xsi:nil="true"></Fax>
          <FreightTermsCode xsi:nil="true"></FreightTermsCode>
          <ImportSequenceNumber xsi:nil="true"></ImportSequenceNumber>
          <Latitude xsi:nil="true"></Latitude>
          <Line1 xsi:nil="true"></Line1>
          <Line2 xsi:nil="true"></Line2>
          <Line3 xsi:nil="true"></Line3>
          <Longitude xsi:nil="true"></Longitude>
          <Name xsi:nil="true"></Name>
          <PostalCode xsi:nil="true"></PostalCode>
          <PostOfficeBox xsi:nil="true"></PostOfficeBox>
          <PrimaryContactName xsi:nil="true"></PrimaryContactName>
          <ShippingMethodCode>1</ShippingMethodCode>
          <StateOrProvince xsi:nil="true"></StateOrProvince>
          <Telephone1 xsi:nil="true"></Telephone1>
          <Telephone2 xsi:nil="true"></Telephone2>
          <Telephone3 xsi:nil="true"></Telephone3>
          <TimeZoneRuleVersionNumber xsi:nil="true"></TimeZoneRuleVersionNumber>
          <UPSZone xsi:nil="true"></UPSZone>
          <UTCOffset xsi:nil="true"></UTCOffset>
          <UTCConversionTimeZoneCode xsi:nil="true"></UTCConversionTimeZoneCode>
        </Address>
        <Address>
          <AddressNumber>2</AddressNumber>
          <AddressTypeCode>1</AddressTypeCode>
          <City xsi:nil="true"></City>
          <County xsi:nil="true"></County>
          <Country xsi:nil="true"></Country>
          <Fax xsi:nil="true"></Fax>
          <FreightTermsCode xsi:nil="true"></FreightTermsCode>
          <ImportSequenceNumber xsi:nil="true"></ImportSequenceNumber>
          <Latitude xsi:nil="true"></Latitude>
          <Line1 xsi:nil="true"></Line1>
          <Line2 xsi:nil="true"></Line2>
          <Line3 xsi:nil="true"></Line3>
          <Longitude xsi:nil="true"></Longitude>
          <Name xsi:nil="true"></Name>
          <PostalCode xsi:nil="true"></PostalCode>
          <PostOfficeBox xsi:nil="true"></PostOfficeBox>
          <PrimaryContactName xsi:nil="true"></PrimaryContactName>
          <ShippingMethodCode>1</ShippingMethodCode>
          <StateOrProvince xsi:nil="true"></StateOrProvince>
          <Telephone1 xsi:nil="true"></Telephone1>
          <Telephone2 xsi:nil="true"></Telephone2>
          <Telephone3 xsi:nil="true"></Telephone3>
          <TimeZoneRuleVersionNumber xsi:nil="true"></TimeZoneRuleVersionNumber>
          <UPSZone xsi:nil="true"></UPSZone>
          <UTCOffset xsi:nil="true"></UTCOffset>
          <UTCConversionTimeZoneCode xsi:nil="true"></UTCConversionTimeZoneCode>
        </Address>
      </Addresses>
    </Publisher>
    <RootComponents>
      <RootComponent type="1" schemaName="lead" behavior="2" />
      <RootComponent type="1" schemaName="projeto2_aluno" behavior="0" />
      <RootComponent type="1" schemaName="projeto2_alunoxcursos" behavior="0" />
      <RootComponent type="1" schemaName="projeto2_curso" behavior="0" />
      <RootComponent type="29" id="{34d5211d-d2c1-497d-bb3d-cf1a5ad1a0e6}" behavior="0" />
      <RootComponent type="29" id="{55921561-9ffe-ef11-bae3-000d3a88b05f}" behavior="0" />
      <RootComponent type="60" id="{9a14ebb4-143e-e711-80e1-00155d871bb4}" />
      <RootComponent type="61" schemaName="projeto2_CallScriptBuscaCEP" behavior="0" />
      <RootComponent type="62" schemaName="new_AplicativodeProjeto2" behavior="0" />
      <RootComponent type="80" schemaName="new_AplicativodeProjeto2" behavior="0" />
      <RootComponent type="91" id="{85a33ff4-64b6-4429-8876-7b31f22ac6d3}" schemaName="PluginsTreinamento, Version=1.0.0.0, Culture=neutral, PublicKeyToken=0e97151ee1e9d306" behavior="0" />
    </RootComponents>
    <MissingDependencies>
      <MissingDependency>
        <Required type="1" schemaName="lead" displayName="Cliente Potencial" solution="msdynce_LeadManagement (9.0.4.0066)">
          <package appName="msdynce_LeadManagement" version="9.0.25024.10001">msdynce_LeadManagementAnchor (9.0.25024.10001)</package>
        </Required>
        <Dependent type="1" schemaName="lead" displayName="Cliente Potencial" />
      </MissingDependency>
      <MissingDependency>
        <Required type="1" schemaName="lead" displayName="Cliente Potencial" solution="msdynce_LeadManagement (9.0.4.0066)">
          <package appName="msdynce_LeadManagement" version="9.0.25024.10001">msdynce_LeadManagementAnchor (9.0.25024.10001)</package>
        </Required>
        <Dependent type="62" schemaName="new_AplicativodeProjeto2" />
      </MissingDependency>
      <MissingDependency>
        <Required type="1" schemaName="lead" displayName="Cliente Potencial" solution="msdynce_LeadManagement (9.0.4.0066)">
          <package appName="msdynce_LeadManagement" version="9.0.25024.10001">msdynce_LeadManagementAnchor (9.0.25024.10001)</package>
        </Required>
        <Dependent type="80" schemaName="new_AplicativodeProjeto2" displayName="Aplicativo de Projeto 2" />
      </MissingDependency>
      <MissingDependency>
        <Required type="1" schemaName="lead" displayName="Cliente Potencial" solution="msdynce_LeadManagement (9.0.4.0066)">
          <package appName="msdynce_LeadManagement" version="9.0.25024.10001">msdynce_LeadManagementAnchor (9.0.25024.10001)</package>
        </Required>
        <Dependent type="appaction" displayName="projeto2__BuscarCEP!13c4437ebcbb4148b5a679460695aa7f!lead!0" id.uniquename="projeto2__BuscarCEP!13c4437ebcbb4148b5a679460695aa7f!lead!0" />
      </MissingDependency>
      <MissingDependency>
        <Required type="2" schemaName="address1_city" displayName="Cidade" parentSchemaName="lead" parentDisplayName="Cliente Potencial" solution="msdynce_LeadManagement (9.0.4.0066)">
          <package appName="msdynce_LeadManagement" version="9.0.25024.10001">msdynce_LeadManagementAnchor (9.0.25024.10001)</package>
        </Required>
        <Dependent type="60" displayName="Informações" parentDisplayName="Cliente Potencial" id="{9886ead0-4fcc-4747-9a18-08e7a9a6de71}" />
      </MissingDependency>
      <MissingDependency>
        <Required type="2" schemaName="address1_country" displayName="País/Região" parentSchemaName="lead" parentDisplayName="Cliente Potencial" solution="msdynce_LeadManagement (9.0.4.0066)">
          <package appName="msdynce_LeadManagement" version="9.0.25024.10001">msdynce_LeadManagementAnchor (9.0.25024.10001)</package>
        </Required>
        <Dependent type="60" displayName="Informações" parentDisplayName="Cliente Potencial" id="{9886ead0-4fcc-4747-9a18-08e7a9a6de71}" />
      </MissingDependency>
      <MissingDependency>
        <Required type="2" schemaName="address1_line1" displayName="Rua 1" parentSchemaName="lead" parentDisplayName="Cliente Potencial" solution="msdynce_LeadManagement (9.0.4.0066)">
          <package appName="msdynce_LeadManagement" version="9.0.25024.10001">msdynce_LeadManagementAnchor (9.0.25024.10001)</package>
        </Required>
        <Dependent type="60" displayName="Informações" parentDisplayName="Cliente Potencial" id="{9886ead0-4fcc-4747-9a18-08e7a9a6de71}" />
      </MissingDependency>
      <MissingDependency>
        <Required type="2" schemaName="address1_line2" displayName="Rua 2" parentSchemaName="lead" parentDisplayName="Cliente Potencial" solution="msdynce_LeadManagement (9.0.4.0066)">
          <package appName="msdynce_LeadManagement" version="9.0.25024.10001">msdynce_LeadManagementAnchor (9.0.25024.10001)</package>
        </Required>
        <Dependent type="60" displayName="Informações" parentDisplayName="Cliente Potencial" id="{9886ead0-4fcc-4747-9a18-08e7a9a6de71}" />
      </MissingDependency>
      <MissingDependency>
        <Required type="2" schemaName="address1_line3" displayName="Rua 3" parentSchemaName="lead" parentDisplayName="Cliente Potencial" solution="msdynce_LeadManagement (9.0.4.0066)">
          <package appName="msdynce_LeadManagement" version="9.0.25024.10001">msdynce_LeadManagementAnchor (9.0.25024.10001)</package>
        </Required>
        <Dependent type="60" displayName="Informações" parentDisplayName="Cliente Potencial" id="{9886ead0-4fcc-4747-9a18-08e7a9a6de71}" />
      </MissingDependency>
      <MissingDependency>
        <Required type="2" schemaName="address1_postalcode" displayName="CEP" parentSchemaName="lead" parentDisplayName="Cliente Potencial" solution="msdynce_LeadManagement (9.0.4.0066)">
          <package appName="msdynce_LeadManagement" version="9.0.25024.10001">msdynce_LeadManagementAnchor (9.0.25024.10001)</package>
        </Required>
        <Dependent type="60" displayName="Informações" parentDisplayName="Cliente Potencial" id="{9886ead0-4fcc-4747-9a18-08e7a9a6de71}" />
      </MissingDependency>
      <MissingDependency>
        <Required type="2" schemaName="address1_stateorprovince" displayName="Estado/Província" parentSchemaName="lead" parentDisplayName="Cliente Potencial" solution="msdynce_LeadManagement (9.0.4.0066)">
          <package appName="msdynce_LeadManagement" version="9.0.25024.10001">msdynce_LeadManagementAnchor (9.0.25024.10001)</package>
        </Required>
        <Dependent type="60" displayName="Informações" parentDisplayName="Cliente Potencial" id="{9886ead0-4fcc-4747-9a18-08e7a9a6de71}" />
      </MissingDependency>
      <MissingDependency>
        <Required type="2" schemaName="campaignid" displayName="Campanha de Origem" parentSchemaName="lead" parentDisplayName="Cliente Potencial" solution="msdynce_Marketing (9.0.4.37)">
          <package appName="msdynce_Marketing" version="9.0.25024.10001">msdynce_MarketingAnchor (9.0.25024.10001)</package>
        </Required>
        <Dependent type="60" displayName="Informações" parentDisplayName="Cliente Potencial" id="{9886ead0-4fcc-4747-9a18-08e7a9a6de71}" />
      </MissingDependency>
      <MissingDependency>
        <Required type="2" schemaName="companyname" displayName="Nome da Empresa" parentSchemaName="lead" parentDisplayName="Cliente Potencial" solution="msdynce_LeadManagement (9.0.4.0066)">
          <package appName="msdynce_LeadManagement" version="9.0.25024.10001">msdynce_LeadManagementAnchor (9.0.25024.10001)</package>
        </Required>
        <Dependent type="60" displayName="Informações" parentDisplayName="Cliente Potencial" id="{9886ead0-4fcc-4747-9a18-08e7a9a6de71}" />
      </MissingDependency>
      <MissingDependency>
        <Required type="2" schemaName="createdon" displayName="Criado(a) em" parentSchemaName="lead" parentDisplayName="Cliente Potencial" solution="msdynce_LeadManagement (9.0.4.0066)">
          <package appName="msdynce_LeadManagement" version="9.0.25024.10001">msdynce_LeadManagementAnchor (9.0.25024.10001)</package>
        </Required>
        <Dependent type="60" displayName="Painel de Clientes Potenciais" parentDisplayName="Cliente Potencial" id="{9a14ebb4-143e-e711-80e1-00155d871bb4}" />
      </MissingDependency>
      <MissingDependency>
        <Required type="2" schemaName="description" displayName="Descrição" parentSchemaName="lead" parentDisplayName="Cliente Potencial" solution="msdynce_LeadManagement (9.0.4.0066)">
          <package appName="msdynce_LeadManagement" version="9.0.25024.10001">msdynce_LeadManagementAnchor (9.0.25024.10001)</package>
        </Required>
        <Dependent type="60" displayName="Informações" parentDisplayName="Cliente Potencial" id="{9886ead0-4fcc-4747-9a18-08e7a9a6de71}" />
      </MissingDependency>
      <MissingDependency>
        <Required type="2" schemaName="donotbulkemail" displayName="Não permitir Emails em Massa" parentSchemaName="lead" parentDisplayName="Cliente Potencial" solution="msdynce_LeadManagement (9.0.4.0066)">
          <package appName="msdynce_LeadManagement" version="9.0.25024.10001">msdynce_LeadManagementAnchor (9.0.25024.10001)</package>
        </Required>
        <Dependent type="60" displayName="Informações" parentDisplayName="Cliente Potencial" id="{9886ead0-4fcc-4747-9a18-08e7a9a6de71}" />
      </MissingDependency>
      <MissingDependency>
        <Required type="2" schemaName="donotemail" displayName="Não permitir Emails" parentSchemaName="lead" parentDisplayName="Cliente Potencial" solution="msdynce_LeadManagement (9.0.4.0066)">
          <package appName="msdynce_LeadManagement" version="9.0.25024.10001">msdynce_LeadManagementAnchor (9.0.25024.10001)</package>
        </Required>
        <Dependent type="60" displayName="Informações" parentDisplayName="Cliente Potencial" id="{9886ead0-4fcc-4747-9a18-08e7a9a6de71}" />
      </MissingDependency>
      <MissingDependency>
        <Required type="2" schemaName="donotfax" displayName="Não permitir Faxes" parentSchemaName="lead" parentDisplayName="Cliente Potencial" solution="msdynce_LeadManagement (9.0.4.0066)">
          <package appName="msdynce_LeadManagement" version="9.0.25024.10001">msdynce_LeadManagementAnchor (9.0.25024.10001)</package>
        </Required>
        <Dependent type="60" displayName="Informações" parentDisplayName="Cliente Potencial" id="{9886ead0-4fcc-4747-9a18-08e7a9a6de71}" />
      </MissingDependency>
      <MissingDependency>
        <Required type="2" schemaName="donotphone" displayName="Não permitir Telefonemas" parentSchemaName="lead" parentDisplayName="Cliente Potencial" solution="msdynce_LeadManagement (9.0.4.0066)">
          <package appName="msdynce_LeadManagement" version="9.0.25024.10001">msdynce_LeadManagementAnchor (9.0.25024.10001)</package>
        </Required>
        <Dependent type="60" displayName="Informações" parentDisplayName="Cliente Potencial" id="{9886ead0-4fcc-4747-9a18-08e7a9a6de71}" />
      </MissingDependency>
      <MissingDependency>
        <Required type="2" schemaName="donotpostalmail" displayName="Não permitir Correspondência" parentSchemaName="lead" parentDisplayName="Cliente Potencial" solution="msdynce_LeadManagement (9.0.4.0066)">
          <package appName="msdynce_LeadManagement" version="9.0.25024.10001">msdynce_LeadManagementAnchor (9.0.25024.10001)</package>
        </Required>
        <Dependent type="60" displayName="Informações" parentDisplayName="Cliente Potencial" id="{9886ead0-4fcc-4747-9a18-08e7a9a6de71}" />
      </MissingDependency>
      <MissingDependency>
        <Required type="2" schemaName="donotsendmm" displayName="Materiais de Marketing" parentSchemaName="lead" parentDisplayName="Cliente Potencial" solution="msdynce_LeadManagement (9.0.4.0066)">
          <package appName="msdynce_LeadManagement" version="9.0.25024.10001">msdynce_LeadManagementAnchor (9.0.25024.10001)</package>
        </Required>
        <Dependent type="60" displayName="Informações" parentDisplayName="Cliente Potencial" id="{9886ead0-4fcc-4747-9a18-08e7a9a6de71}" />
      </MissingDependency>
      <MissingDependency>
        <Required type="2" schemaName="emailaddress1" displayName="Email" parentSchemaName="lead" parentDisplayName="Cliente Potencial" solution="msdynce_LeadManagement (9.0.4.0066)">
          <package appName="msdynce_LeadManagement" version="9.0.25024.10001">msdynce_LeadManagementAnchor (9.0.25024.10001)</package>
        </Required>
        <Dependent type="60" displayName="Informações" parentDisplayName="Cliente Potencial" id="{9886ead0-4fcc-4747-9a18-08e7a9a6de71}" />
      </MissingDependency>
      <MissingDependency>
        <Required type="2" schemaName="fax" displayName="Fax" parentSchemaName="lead" parentDisplayName="Cliente Potencial" solution="msdynce_LeadManagement (9.0.4.0066)">
          <package appName="msdynce_LeadManagement" version="9.0.25024.10001">msdynce_LeadManagementAnchor (9.0.25024.10001)</package>
        </Required>
        <Dependent type="60" displayName="Informações" parentDisplayName="Cliente Potencial" id="{9886ead0-4fcc-4747-9a18-08e7a9a6de71}" />
      </MissingDependency>
      <MissingDependency>
        <Required type="2" schemaName="firstname" displayName="Nome" parentSchemaName="lead" parentDisplayName="Cliente Potencial" solution="msdynce_LeadManagement (9.0.4.0066)">
          <package appName="msdynce_LeadManagement" version="9.0.25024.10001">msdynce_LeadManagementAnchor (9.0.25024.10001)</package>
        </Required>
        <Dependent type="60" displayName="Informações" parentDisplayName="Cliente Potencial" id="{9886ead0-4fcc-4747-9a18-08e7a9a6de71}" />
      </MissingDependency>
      <MissingDependency>
        <Required type="2" schemaName="followemail" displayName="Acompanhar Atividade de Email" parentSchemaName="lead" parentDisplayName="Cliente Potencial" solution="msdynce_LeadManagement (9.0.4.0066)">
          <package appName="msdynce_LeadManagement" version="9.0.25024.10001">msdynce_LeadManagementAnchor (9.0.25024.10001)</package>
        </Required>
        <Dependent type="60" displayName="Informações" parentDisplayName="Cliente Potencial" id="{9886ead0-4fcc-4747-9a18-08e7a9a6de71}" />
      </MissingDependency>
      <MissingDependency>
        <Required type="2" schemaName="industrycode" displayName="Setor" parentSchemaName="lead" parentDisplayName="Cliente Potencial" solution="msdynce_LeadManagement (9.0.4.0066)">
          <package appName="msdynce_LeadManagement" version="9.0.25024.10001">msdynce_LeadManagementAnchor (9.0.25024.10001)</package>
        </Required>
        <Dependent type="60" displayName="Informações" parentDisplayName="Cliente Potencial" id="{9886ead0-4fcc-4747-9a18-08e7a9a6de71}" />
      </MissingDependency>
      <MissingDependency>
        <Required type="2" schemaName="jobtitle" displayName="Cargo" parentSchemaName="lead" parentDisplayName="Cliente Potencial" solution="msdynce_LeadManagement (9.0.4.0066)">
          <package appName="msdynce_LeadManagement" version="9.0.25024.10001">msdynce_LeadManagementAnchor (9.0.25024.10001)</package>
        </Required>
        <Dependent type="60" displayName="Informações" parentDisplayName="Cliente Potencial" id="{9886ead0-4fcc-4747-9a18-08e7a9a6de71}" />
      </MissingDependency>
      <MissingDependency>
        <Required type="2" schemaName="lastname" displayName="Sobrenome" parentSchemaName="lead" parentDisplayName="Cliente Potencial" solution="msdynce_LeadManagement (9.0.4.0066)">
          <package appName="msdynce_LeadManagement" version="9.0.25024.10001">msdynce_LeadManagementAnchor (9.0.25024.10001)</package>
        </Required>
        <Dependent type="60" displayName="Informações" parentDisplayName="Cliente Potencial" id="{9886ead0-4fcc-4747-9a18-08e7a9a6de71}" />
      </MissingDependency>
      <MissingDependency>
        <Required type="2" schemaName="lastusedincampaign" displayName="Data da Última Campanha" parentSchemaName="lead" parentDisplayName="Cliente Potencial" solution="msdynce_LeadManagement (9.0.4.0066)">
          <package appName="msdynce_LeadManagement" version="9.0.25024.10001">msdynce_LeadManagementAnchor (9.0.25024.10001)</package>
        </Required>
        <Dependent type="60" displayName="Informações" parentDisplayName="Cliente Potencial" id="{9886ead0-4fcc-4747-9a18-08e7a9a6de71}" />
      </MissingDependency>
      <MissingDependency>
        <Required type="2" schemaName="leadqualitycode" displayName="Classificação" parentSchemaName="lead" parentDisplayName="Cliente Potencial" solution="msdynce_LeadManagement (9.0.4.0066)">
          <package appName="msdynce_LeadManagement" version="9.0.25024.10001">msdynce_LeadManagementAnchor (9.0.25024.10001)</package>
        </Required>
        <Dependent type="60" displayName="Informações" parentDisplayName="Cliente Potencial" id="{9886ead0-4fcc-4747-9a18-08e7a9a6de71}" />
      </MissingDependency>
      <MissingDependency>
        <Required type="2" schemaName="leadsourcecode" displayName="Origem do Cliente Potencial" parentSchemaName="lead" parentDisplayName="Cliente Potencial" solution="msdynce_LeadManagement (9.0.4.0066)">
          <package appName="msdynce_LeadManagement" version="9.0.25024.10001">msdynce_LeadManagementAnchor (9.0.25024.10001)</package>
        </Required>
        <Dependent type="60" displayName="Informações" parentDisplayName="Cliente Potencial" id="{9886ead0-4fcc-4747-9a18-08e7a9a6de71}" />
      </MissingDependency>
      <MissingDependency>
        <Required type="2" schemaName="mobilephone" displayName="Celular" parentSchemaName="lead" parentDisplayName="Cliente Potencial" solution="msdynce_LeadManagement (9.0.4.0066)">
          <package appName="msdynce_LeadManagement" version="9.0.25024.10001">msdynce_LeadManagementAnchor (9.0.25024.10001)</package>
        </Required>
        <Dependent type="60" displayName="Informações" parentDisplayName="Cliente Potencial" id="{9886ead0-4fcc-4747-9a18-08e7a9a6de71}" />
      </MissingDependency>
      <MissingDependency>
        <Required type="2" schemaName="numberofemployees" displayName="Número de Funcionários" parentSchemaName="lead" parentDisplayName="Cliente Potencial" solution="msdynce_LeadManagement (9.0.4.0066)">
          <package appName="msdynce_LeadManagement" version="9.0.25024.10001">msdynce_LeadManagementAnchor (9.0.25024.10001)</package>
        </Required>
        <Dependent type="60" displayName="Informações" parentDisplayName="Cliente Potencial" id="{9886ead0-4fcc-4747-9a18-08e7a9a6de71}" />
      </MissingDependency>
      <MissingDependency>
        <Required type="2" schemaName="ownerid" displayName="Proprietário" parentSchemaName="lead" parentDisplayName="Cliente Potencial" solution="msdynce_LeadManagement (9.0.4.0066)">
          <package appName="msdynce_LeadManagement" version="9.0.25024.10001">msdynce_LeadManagementAnchor (9.0.25024.10001)</package>
        </Required>
        <Dependent type="60" displayName="Informações" parentDisplayName="Cliente Potencial" id="{9886ead0-4fcc-4747-9a18-08e7a9a6de71}" />
      </MissingDependency>
      <MissingDependency>
        <Required type="2" schemaName="pager" displayName="Pager" parentSchemaName="lead" parentDisplayName="Cliente Potencial" solution="msdynce_LeadManagement (9.0.4.0066)">
          <package appName="msdynce_LeadManagement" version="9.0.25024.10001">msdynce_LeadManagementAnchor (9.0.25024.10001)</package>
        </Required>
        <Dependent type="60" displayName="Informações" parentDisplayName="Cliente Potencial" id="{9886ead0-4fcc-4747-9a18-08e7a9a6de71}" />
      </MissingDependency>
      <MissingDependency>
        <Required type="2" schemaName="preferredcontactmethodcode" displayName="Método Preferencial de Contato" parentSchemaName="lead" parentDisplayName="Cliente Potencial" solution="msdynce_LeadManagement (9.0.4.0066)">
          <package appName="msdynce_LeadManagement" version="9.0.25024.10001">msdynce_LeadManagementAnchor (9.0.25024.10001)</package>
        </Required>
        <Dependent type="60" displayName="Informações" parentDisplayName="Cliente Potencial" id="{9886ead0-4fcc-4747-9a18-08e7a9a6de71}" />
      </MissingDependency>
      <MissingDependency>
        <Required type="2" schemaName="revenue" displayName="Receita Anual" parentSchemaName="lead" parentDisplayName="Cliente Potencial" solution="msdynce_LeadManagement (9.0.4.0066)">
          <package appName="msdynce_LeadManagement" version="9.0.25024.10001">msdynce_LeadManagementAnchor (9.0.25024.10001)</package>
        </Required>
        <Dependent type="60" displayName="Informações" parentDisplayName="Cliente Potencial" id="{9886ead0-4fcc-4747-9a18-08e7a9a6de71}" />
      </MissingDependency>
      <MissingDependency>
        <Required type="2" schemaName="salutation" displayName="Saudação" parentSchemaName="lead" parentDisplayName="Cliente Potencial" solution="msdynce_LeadManagement (9.0.4.0066)">
          <package appName="msdynce_LeadManagement" version="9.0.25024.10001">msdynce_LeadManagementAnchor (9.0.25024.10001)</package>
        </Required>
        <Dependent type="60" displayName="Informações" parentDisplayName="Cliente Potencial" id="{9886ead0-4fcc-4747-9a18-08e7a9a6de71}" />
      </MissingDependency>
      <MissingDependency>
        <Required type="2" schemaName="sic" displayName="CNAE" parentSchemaName="lead" parentDisplayName="Cliente Potencial" solution="msdynce_LeadManagement (9.0.4.0066)">
          <package appName="msdynce_LeadManagement" version="9.0.25024.10001">msdynce_LeadManagementAnchor (9.0.25024.10001)</package>
        </Required>
        <Dependent type="60" displayName="Informações" parentDisplayName="Cliente Potencial" id="{9886ead0-4fcc-4747-9a18-08e7a9a6de71}" />
      </MissingDependency>
      <MissingDependency>
        <Required type="2" schemaName="statuscode" displayName="Razão do Status" parentSchemaName="lead" parentDisplayName="Cliente Potencial" solution="msdynce_LeadManagement (9.0.4.0066)">
          <package appName="msdynce_LeadManagement" version="9.0.25024.10001">msdynce_LeadManagementAnchor (9.0.25024.10001)</package>
        </Required>
        <Dependent type="60" displayName="Informações" parentDisplayName="Cliente Potencial" id="{9886ead0-4fcc-4747-9a18-08e7a9a6de71}" />
      </MissingDependency>
      <MissingDependency>
        <Required type="2" schemaName="subject" displayName="Tópico" parentSchemaName="lead" parentDisplayName="Cliente Potencial" solution="msdynce_LeadManagement (9.0.4.0066)">
          <package appName="msdynce_LeadManagement" version="9.0.25024.10001">msdynce_LeadManagementAnchor (9.0.25024.10001)</package>
        </Required>
        <Dependent type="60" displayName="Informações" parentDisplayName="Cliente Potencial" id="{9886ead0-4fcc-4747-9a18-08e7a9a6de71}" />
      </MissingDependency>
      <MissingDependency>
        <Required type="2" schemaName="telephone1" displayName="Telefone Comercial" parentSchemaName="lead" parentDisplayName="Cliente Potencial" solution="msdynce_LeadManagement (9.0.4.0066)">
          <package appName="msdynce_LeadManagement" version="9.0.25024.10001">msdynce_LeadManagementAnchor (9.0.25024.10001)</package>
        </Required>
        <Dependent type="60" displayName="Informações" parentDisplayName="Cliente Potencial" id="{9886ead0-4fcc-4747-9a18-08e7a9a6de71}" />
      </MissingDependency>
      <MissingDependency>
        <Required type="2" schemaName="telephone2" displayName="Telefone Residencial" parentSchemaName="lead" parentDisplayName="Cliente Potencial" solution="msdynce_LeadManagement (9.0.4.0066)">
          <package appName="msdynce_LeadManagement" version="9.0.25024.10001">msdynce_LeadManagementAnchor (9.0.25024.10001)</package>
        </Required>
        <Dependent type="60" displayName="Informações" parentDisplayName="Cliente Potencial" id="{9886ead0-4fcc-4747-9a18-08e7a9a6de71}" />
      </MissingDependency>
      <MissingDependency>
        <Required type="2" schemaName="telephone3" displayName="Outro Telefone" parentSchemaName="lead" parentDisplayName="Cliente Potencial" solution="msdynce_LeadManagement (9.0.4.0066)">
          <package appName="msdynce_LeadManagement" version="9.0.25024.10001">msdynce_LeadManagementAnchor (9.0.25024.10001)</package>
        </Required>
        <Dependent type="60" displayName="Informações" parentDisplayName="Cliente Potencial" id="{9886ead0-4fcc-4747-9a18-08e7a9a6de71}" />
      </MissingDependency>
      <MissingDependency>
        <Required type="2" schemaName="transactioncurrencyid" displayName="Moeda" parentSchemaName="lead" parentDisplayName="Cliente Potencial" solution="msdynce_LeadManagement (9.0.4.0066)">
          <package appName="msdynce_LeadManagement" version="9.0.25024.10001">msdynce_LeadManagementAnchor (9.0.25024.10001)</package>
        </Required>
        <Dependent type="60" displayName="Informações" parentDisplayName="Cliente Potencial" id="{9886ead0-4fcc-4747-9a18-08e7a9a6de71}" />
      </MissingDependency>
      <MissingDependency>
        <Required type="2" schemaName="websiteurl" displayName="Site" parentSchemaName="lead" parentDisplayName="Cliente Potencial" solution="msdynce_LeadManagement (9.0.4.0066)">
          <package appName="msdynce_LeadManagement" version="9.0.25024.10001">msdynce_LeadManagementAnchor (9.0.25024.10001)</package>
        </Required>
        <Dependent type="60" displayName="Informações" parentDisplayName="Cliente Potencial" id="{9886ead0-4fcc-4747-9a18-08e7a9a6de71}" />
      </MissingDependency>
      <MissingDependency>
        <Required type="26" schemaName="Meus Clientes Potenciais Abertos" displayName="Meus Clientes Potenciais Abertos" parentSchemaName="lead" parentDisplayName="Cliente Potencial" solution="msdynce_LeadManagement (9.0.4.0066)" id="{00000000-0000-0000-00aa-000010001005}">
          <package appName="msdynce_LeadManagement" version="9.0.25024.10001">msdynce_LeadManagementAnchor (9.0.25024.10001)</package>
        </Required>
        <Dependent type="60" displayName="Painel de Clientes Potenciais" parentDisplayName="Cliente Potencial" id="{9a14ebb4-143e-e711-80e1-00155d871bb4}" />
      </MissingDependency>
      <MissingDependency>
        <Required type="26" schemaName="Clientes Potenciais Abertos" displayName="Clientes Potenciais Abertos" parentSchemaName="lead" parentDisplayName="Cliente Potencial" solution="msdynce_LeadManagement (9.0.4.0066)" id="{00000000-0000-0000-00aa-000010001006}">
          <package appName="msdynce_LeadManagement" version="9.0.25024.10001">msdynce_LeadManagementAnchor (9.0.25024.10001)</package>
        </Required>
        <Dependent type="60" displayName="Painel de Clientes Potenciais" parentDisplayName="Cliente Potencial" id="{9a14ebb4-143e-e711-80e1-00155d871bb4}" />
      </MissingDependency>
      <MissingDependency>
        <Required type="26" schemaName="Clientes Potenciais Fechados" displayName="Clientes Potenciais Fechados" parentSchemaName="lead" parentDisplayName="Cliente Potencial" solution="msdynce_LeadManagement (9.0.4.0066)" id="{00000000-0000-0000-00aa-000010001009}">
          <package appName="msdynce_LeadManagement" version="9.0.25024.10001">msdynce_LeadManagementAnchor (9.0.25024.10001)</package>
        </Required>
        <Dependent type="60" displayName="Painel de Clientes Potenciais" parentDisplayName="Cliente Potencial" id="{9a14ebb4-143e-e711-80e1-00155d871bb4}" />
      </MissingDependency>
      <MissingDependency>
        <Required type="26" schemaName="Todos os Clientes Potenciais" displayName="Todos os Clientes Potenciais" parentSchemaName="lead" parentDisplayName="Cliente Potencial" solution="msdynce_LeadManagement (9.0.4.0066)" id="{5a926b99-3a5f-df11-ae90-00155d2e3002}">
          <package appName="msdynce_LeadManagement" version="9.0.25024.10001">msdynce_LeadManagementAnchor (9.0.25024.10001)</package>
        </Required>
        <Dependent type="60" displayName="Painel de Clientes Potenciais" parentDisplayName="Cliente Potencial" id="{9a14ebb4-143e-e711-80e1-00155d871bb4}" />
      </MissingDependency>
      <MissingDependency>
        <Required type="59" schemaName="Clientes Potenciais por Proprietário (Gráfico de Marcas)" displayName="Clientes Potenciais por Proprietário (Gráfico de Marcas)" parentSchemaName="lead" parentDisplayName="Cliente Potencial" solution="msdynce_LeadManagement (9.0.4.0066)" id="{b92a5119-193a-e711-80e3-00155d42a416}">
          <package appName="msdynce_LeadManagement" version="9.0.25024.10001">msdynce_LeadManagementAnchor (9.0.25024.10001)</package>
        </Required>
        <Dependent type="60" displayName="Painel de Clientes Potenciais" parentDisplayName="Cliente Potencial" id="{9a14ebb4-143e-e711-80e1-00155d871bb4}" />
      </MissingDependency>
      <MissingDependency>
        <Required type="59" schemaName="Clientes Potenciais por Origem (ROSCA)" displayName="Clientes Potenciais por Origem (ROSCA)" parentSchemaName="lead" parentDisplayName="Cliente Potencial" solution="msdynce_LeadManagement (9.0.4.0066)" id="{d311600c-163a-e711-80e3-00155d42a416}">
          <package appName="msdynce_LeadManagement" version="9.0.25024.10001">msdynce_LeadManagementAnchor (9.0.25024.10001)</package>
        </Required>
        <Dependent type="60" displayName="Painel de Clientes Potenciais" parentDisplayName="Cliente Potencial" id="{9a14ebb4-143e-e711-80e1-00155d871bb4}" />
      </MissingDependency>
      <MissingDependency>
        <Required type="59" schemaName="Clientes Potenciais por Classificação" displayName="Clientes Potenciais por Classificação" parentSchemaName="lead" parentDisplayName="Cliente Potencial" solution="msdynce_LeadManagement (9.0.4.0066)" id="{f5976c58-5693-de11-97d4-00155da3b01e}">
          <package appName="msdynce_LeadManagement" version="9.0.25024.10001">msdynce_LeadManagementAnchor (9.0.25024.10001)</package>
        </Required>
        <Dependent type="60" displayName="Painel de Clientes Potenciais" parentDisplayName="Cliente Potencial" id="{9a14ebb4-143e-e711-80e1-00155d871bb4}" />
      </MissingDependency>
      <MissingDependency>
        <Required type="60" displayName="Informações" parentDisplayName="Cliente Potencial" solution="msdynce_LeadManagement (9.0.4.0066)" id="{9886ead0-4fcc-4747-9a18-08e7a9a6de71}">
          <package appName="msdynce_LeadManagement" version="9.0.25024.10001">msdynce_LeadManagementAnchor (9.0.25024.10001)</package>
        </Required>
        <Dependent type="60" displayName="Informações" parentDisplayName="Cliente Potencial" id="{9886ead0-4fcc-4747-9a18-08e7a9a6de71}" />
      </MissingDependency>
      <MissingDependency>
        <Required type="60" displayName="Painel de Clientes Potenciais" parentDisplayName="Cliente Potencial" solution="msdynce_LeadManagement (9.0.4.0066)" id="{9a14ebb4-143e-e711-80e1-00155d871bb4}">
          <package appName="msdynce_LeadManagement" version="9.0.25024.10001">msdynce_LeadManagementAnchor (9.0.25024.10001)</package>
        </Required>
        <Dependent type="60" displayName="Painel de Clientes Potenciais" parentDisplayName="Cliente Potencial" id="{9a14ebb4-143e-e711-80e1-00155d871bb4}" />
      </MissingDependency>
      <MissingDependency>
        <Required type="61" schemaName="msdyn_/ActivityFeeds.Form.js" displayName="msdyn_/ActivityFeeds.Form.js" solution="ActivityFeedsCore (9.0.0.0011)">
          <package appName="ActivityFeedsCore" version="9.0.0.0011">ActivityFeedsCore (9.0.0.0011)</package>
        </Required>
        <Dependent type="60" displayName="Informações" parentDisplayName="Cliente Potencial" id="{9886ead0-4fcc-4747-9a18-08e7a9a6de71}" />
      </MissingDependency>
      <MissingDependency>
        <Required type="61" schemaName="msdyn_/Images/AppModule_Default_Icon.png" displayName="msdyn_/Images/AppModule_Default_Icon.png" solution="AppModuleWebResources (2.5)">
          <package appName="AppModule Web Resources Package" version="2.5">AppModuleWebResources (2.5)</package>
        </Required>
        <Dependent type="80" schemaName="new_AplicativodeProjeto2" displayName="Aplicativo de Projeto 2" />
      </MissingDependency>
      <MissingDependency>
        <Required type="61" schemaName="msdyn_/RecordWall.htm" displayName="msdyn_/RecordWall.htm" solution="ActivityFeedsCore (9.0.0.0011)">
          <package appName="ActivityFeedsCore" version="9.0.0.0011">ActivityFeedsCore (9.0.0.0011)</package>
        </Required>
        <Dependent type="60" displayName="Informações" parentDisplayName="Cliente Potencial" id="{9886ead0-4fcc-4747-9a18-08e7a9a6de71}" />
      </MissingDependency>
      <MissingDependency>
        <Required type="SettingDefinition" displayName="AppChannel" solution="msdyn_AppFrameworkInfraExtensions (1.0.0.12)" id.uniquename="AppChannel">
          <package appName="PowerAppsAppFramework Package" version="1.0.0.16">PowerAppsAppFramework_Anchor (1.0.0.16)</package>
        </Required>
        <Dependent type="AppSetting" displayName="parentappmoduleid.uniquename=new_AplicativodeProjeto2,settingdefinitionid.uniquename=AppChannel" id.parentappmoduleid.uniquename="new_AplicativodeProjeto2" id.settingdefinitionid.uniquename="AppChannel" />
      </MissingDependency>
    </MissingDependencies>
  </SolutionManifest>
</ImportExportXml>