<appaction uniquename="projeto2__BuscarCEP!13c4437ebcbb4148b5a679460695aa7f!lead!0">
  <buttonlabeltext default="Buscar CEP">
    <label description="Buscar CEP" languagecode="1046" />
  </buttonlabeltext>
  <context>1</context>
  <contextentity>
    <logicalname>lead</logicalname>
  </contextentity>
  <contextvalue>lead</contextvalue>
  <hidden>0</hidden>
  <iscustomizable>1</iscustomizable>
  <isdisabled>0</isdisabled>
  <isgrouptitlehidden>0</isgrouptitlehidden>
  <location>0</location>
  <name>BuscarCEP!13c4437ebcbb4148b5a679460695aa7f</name>
  <onclickeventjavascriptfunctionname>buscarCEP</onclickeventjavascriptfunctionname>
  <onclickeventjavascriptparameters>[{"type":5}]</onclickeventjavascriptparameters>
  <onclickeventjavascriptwebresourceid>
    <webresourceid>bea02013-9efe-ef11-bae3-000d3a88b05f</webresourceid>
  </onclickeventjavascriptwebresourceid>
  <onclickeventtype>2</onclickeventtype>
  <origin>0</origin>
  <sequence>100100005.5000000000</sequence>
  <statecode>0</statecode>
  <statuscode>1</statuscode>
  <type>0</type>
  <visibilitytype>0</visibilitytype>
</appaction>